﻿{
	"credit": "Made with Blockbench, a free, modern block model editor by JannisX11",
	"textures": {
		"0": "blocks/handle",
		"1": "blocks/crystal",
		"3": "blocks/handle_black",
		"4": "blocks/handle_black",
		"5": "blocks/emerald_block"
	},
	"elements": [
		{
			"name": "cube",
			"from": [7, 10, 1],
			"to": [9, 12, 18],
			"faces": {
				"north": {
					"uv": [0, 0, 4, 4],
					"texture": "#0",
					"rotation": 270
				},
				"east": {
					"uv": [0, 12, 16, 16],
					"texture": "#0",
					"rotation": 270
				},
				"south": {
					"uv": [0, 0, 4, 4],
					"texture": "#0",
					"rotation": 270
				},
				"west": {
					"uv": [0, 12, 16, 16],
					"texture": "#0",
					"rotation": 270
				},
				"up": {
					"uv": [0, 12, 16, 16],
					"texture": "#0",
					"rotation": 270
				},
				"down": {
					"uv": [0, 12, 16, 16],
					"texture": "#0",
					"rotation": 270
				}
			}
		},
		{
			"name": "cube",
			"from": [7.5, 10.5, -10],
			"to": [8.5, 11.5, 0],
			"rotation": {
				"angle": 22.5,
				"axis": "z",
				"origin": [8, 11, -5]
			},
			"faces": {
				"north": {"uv": [6, 6, 10, 10], "texture": "#1"},
				"east": {"uv": [0, 0, 0, 0], "texture": "#1"},
				"south": {"uv": [6, 6, 10, 10], "texture": "#1"},
				"west": {"uv": [0, 6, 16, 10], "texture": "#1"},
				"up": {
					"uv": [0, 6, 16, 10],
					"texture": "#1",
					"rotation": 90
				},
				"down": {
					"uv": [0, 6, 16, 10],
					"texture": "#1",
					"rotation": 90
				}
			}
		},
		{
			"name": "cube",
			"from": [7.5, 16, 15.25],
			"to": [8.5, 17, 17.75],
			"rotation": {
				"angle": 0,
				"axis": "x",
				"origin": [8, 18.5, 13.5]
			},
			"faces": {
				"north": {
					"uv": [0, 0, 1, 1],
					"texture": "#4",
					"rotation": 90
				},
				"east": {
					"uv": [0, 0, 2.5, 1],
					"texture": "#4",
					"rotation": 90
				},
				"south": {
					"uv": [0, 0, 1, 1],
					"texture": "#4",
					"rotation": 90
				},
				"west": {
					"uv": [0, 0, 2.5, 1],
					"texture": "#4",
					"rotation": 90
				},
				"up": {
					"uv": [0, 0, 0, 0],
					"texture": "#3",
					"rotation": 90
				},
				"down": {
					"uv": [0, 0, 1, 2.5],
					"texture": "#4",
					"rotation": 90
				}
			}
		},
		{
			"name": "cube",
			"from": [7.5, 12, 14.5],
			"to": [8.5, 16, 17.75],
			"rotation": {
				"angle": 0,
				"axis": "x",
				"origin": [8, 14.5, 13.5]
			},
			"faces": {
				"north": {
					"uv": [0, 0, 1, 4],
					"texture": "#3",
					"rotation": 180
				},
				"east": {
					"uv": [0, 0, 3.25, 4],
					"texture": "#4",
					"rotation": 90
				},
				"south": {"uv": [0, 0, 1, 4], "texture": "#3"},
				"west": {
					"uv": [0, 0, 3.25, 4],
					"texture": "#3",
					"rotation": 270
				},
				"up": {
					"uv": [0, 0, 1, 3.25],
					"texture": "#missing"
				},
				"down": {
					"uv": [0, 0, 1, 3.25],
					"texture": "#missing",
					"rotation": 180
				}
			}
		},
		{
			"name": "cube",
			"from": [7.4999, 12.1, 9.5],
			"to": [8.5001, 15, 16.5],
			"rotation": {
				"angle": -45,
				"axis": "x",
				"origin": [8, 14.5, 13.5]
			},
			"faces": {
				"north": {
					"uv": [0, 0, 3, 6.9],
					"texture": "#4",
					"rotation": 90
				},
				"east": {
					"uv": [0, 0, 2.9000000000000004, 7],
					"texture": "#4",
					"rotation": 90
				},
				"south": {
					"uv": [0, 0, 2.9, 7],
					"texture": "#4",
					"rotation": 90
				},
				"west": {
					"uv": [0, 0, 2.9000000000000004, 7],
					"texture": "#4",
					"rotation": 90
				},
				"up": {
					"uv": [0, 0, 0, 0],
					"texture": "#3",
					"rotation": 90
				},
				"down": {
					"uv": [0, 0, 2.9000000000000004, 7],
					"texture": "#4",
					"rotation": 90
				}
			}
		},
		{
			"name": "cube",
			"from": [7.5, 9, 7],
			"to": [8.5, 10, 14],
			"rotation": {
				"angle": 22.5,
				"axis": "x",
				"origin": [8, 9.5, 9.5]
			},
			"faces": {
				"north": {
					"uv": [0, 0, 1, 1],
					"texture": "#missing"
				},
				"east": {
					"uv": [0, 0, 16, 4],
					"texture": "#0",
					"rotation": 90
				},
				"south": {
					"uv": [0, 0, 1, 1],
					"texture": "#missing"
				},
				"west": {"uv": [0, 0, 16, 4], "texture": "#0"},
				"up": {"uv": [0, 0, 16, 4], "texture": "#0"},
				"down": {
					"uv": [0, 0, 16, 4],
					"texture": "#0",
					"rotation": 180
				}
			}
		},
		{
			"name": "cube",
			"from": [6.4, 9.4, 4],
			"to": [9.6, 12.6, 5],
			"rotation": {
				"angle": 45,
				"axis": "z",
				"origin": [8, 11, 4.5]
			},
			"faces": {
				"north": {
					"uv": [
						0,
						0,
						3.1999999999999993,
						3.1999999999999993
					],
					"texture": "#4",
					"rotation": 180
				},
				"east": {
					"uv": [0, 0, 1, 3.1999999999999993],
					"texture": "#4",
					"rotation": 180
				},
				"south": {
					"uv": [
						0,
						0,
						3.1999999999999993,
						3.1999999999999993
					],
					"texture": "#4",
					"rotation": 180
				},
				"west": {
					"uv": [0, 0, 1, 3.1999999999999993],
					"texture": "#4",
					"rotation": 180
				},
				"up": {
					"uv": [0, 0, 1, 3.1999999999999993],
					"texture": "#4",
					"rotation": 180
				},
				"down": {
					"uv": [0, 0, 1, 3.1999999999999993],
					"texture": "#4",
					"rotation": 180
				}
			}
		},
		{
			"name": "cube",
			"from": [6.4, 9.4, -4],
			"to": [9.6, 12.6, -3],
			"rotation": {
				"angle": 45,
				"axis": "z",
				"origin": [8, 11, -3.5]
			},
			"faces": {
				"north": {
					"uv": [
						0,
						0,
						3.1999999999999993,
						3.1999999999999993
					],
					"texture": "#4",
					"rotation": 180
				},
				"east": {
					"uv": [0, 0, 1, 3.1999999999999993],
					"texture": "#4",
					"rotation": 180
				},
				"south": {
					"uv": [
						0,
						0,
						3.1999999999999993,
						3.1999999999999993
					],
					"texture": "#4",
					"rotation": 180
				},
				"west": {
					"uv": [0, 0, 1, 3.1999999999999993],
					"texture": "#4",
					"rotation": 180
				},
				"up": {
					"uv": [0, 0, 1, 3.1999999999999993],
					"texture": "#4",
					"rotation": 180
				},
				"down": {
					"uv": [0, 0, 1, 3.1999999999999993],
					"texture": "#4",
					"rotation": 180
				}
			}
		},
		{
			"name": "cube",
			"from": [6, 9, 0],
			"to": [10, 13, 1],
			"rotation": {
				"angle": 45,
				"axis": "z",
				"origin": [8, 11, 0.5]
			},
			"faces": {
				"north": {"uv": [0, 0, 4, 4], "texture": "#4"},
				"east": {"uv": [0, 0, 1, 4], "texture": "#4"},
				"south": {"uv": [0, 0, 4, 4], "texture": "#4"},
				"west": {"uv": [0, 0, 1, 4], "texture": "#4"},
				"up": {"uv": [0, 0, 1, 4], "texture": "#4"},
				"down": {"uv": [0, 0, 1, 4], "texture": "#4"}
			}
		},
		{
			"name": "cube",
			"from": [6.5, 7, 13],
			"to": [9.5, 10, 18.5],
			"faces": {
				"north": {"uv": [0, 0, 6, 6], "texture": "#4"},
				"east": {"uv": [0, 0, 10, 6], "texture": "#4"},
				"south": {"uv": [0, 0, 6, 6], "texture": "#4"},
				"west": {"uv": [0, 0, 10, 6], "texture": "#4"},
				"up": {"uv": [0, 0, 10, 6], "texture": "#4"},
				"down": {"uv": [0, 0, 10, 6], "texture": "#4"}
			}
		},
		{
			"name": "cube",
			"from": [7.75, 10.75, -11],
			"to": [8.25, 11.25, -10],
			"rotation": {
				"angle": 0,
				"axis": "x",
				"origin": [8, 11, -10.5]
			},
			"faces": {
				"north": {"uv": [0, 0, 0.5, 0.5], "texture": "#5"},
				"east": {
					"uv": [0, 0, 1, 0.5],
					"texture": "#5",
					"rotation": 90
				},
				"south": {"uv": [0, 0, 0.5, 0.5], "texture": "#5"},
				"west": {"uv": [0, 0, 1, 0.5], "texture": "#5"},
				"up": {"uv": [0, 0, 0.5, 1], "texture": "#5"},
				"down": {"uv": [0, 0, 0.5, 1], "texture": "#5"}
			}
		},
		{
			"name": "cube",
			"from": [7, 4, 15],
			"to": [9, 7, 17],
			"faces": {
				"north": {"uv": [0, 0, 2, 3], "texture": "#0"},
				"east": {"uv": [0, 0, 2, 3], "texture": "#0"},
				"south": {"uv": [0, 0, 2, 3], "texture": "#0"},
				"west": {"uv": [0, 0, 2, 3], "texture": "#0"},
				"up": {"uv": [0, 0, 2, 2], "texture": "#0"},
				"down": {"uv": [0, 0, 2, 2], "texture": "#0"}
			}
		}
	],
	"display": {
		"thirdperson_righthand": {
			"scale": [0.9, 0.9, 0.9],
			"rotation": [50, 0, 0],
			"translation": [-1, 4.5, -2]
		},
		"thirdperson_lefthand": {
			"translation": [0, 0.5, -7.5]
		},
		"gui": {
			"scale": [0.575, 0.575, 0.575],
			"rotation": [-100, -135, -100],
			"translation": [0, -1.5, 0]
		}
	}
}