﻿{
	"credit": "Made with Blockbench, a free, modern block model editor by JannisX11",
	"textures": {
		"0": "blocks/blue_stained_glass",
		"1": "blocks/handle",
		"2": "blocks/handle_black",
		"particle": "blocks/handle"
	},
	"elements": [
		{
			"name": "cube",
			"from": [
				-0.25,
				11.398064521114826,
				7.508040360446181
			],
			"to": [2.75, 14.398064521114826, 10.50804036044618],
			"rotation": {
				"angle": 45,
				"axis": "x",
				"origin": [
					1.25,
					12.898064521114826,
					9.00804036044618
				]
			},
			"faces": {
				"north": {
					"uv": [0, 0, 16, 16],
					"texture": "#0",
					"rotation": 180
				},
				"east": {
					"uv": [0, 0, 16, 16],
					"texture": "#0",
					"rotation": 180
				},
				"south": {
					"uv": [0, 0, 16, 16],
					"texture": "#0",
					"rotation": 180
				},
				"west": {
					"uv": [0, 0, 16, 16],
					"texture": "#0",
					"rotation": 180
				},
				"up": {
					"uv": [0, 0, 16, 16],
					"texture": "#0",
					"rotation": 180
				},
				"down": {
					"uv": [0, 0, 16, 16],
					"texture": "#0",
					"rotation": 180
				}
			}
		},
		{
			"name": "cube",
			"from": [7.5, 10, 7.5],
			"to": [10.5, 11, 10.5],
			"rotation": {
				"angle": 45,
				"axis": "z",
				"origin": [8.5, 4.5, 8.5]
			},
			"faces": {
				"north": {"uv": [0, 0, 3, 1], "texture": "#2"},
				"east": {"uv": [0, 0, 3, 1], "texture": "#2"},
				"south": {"uv": [0, 0, 3, 1], "texture": "#2"},
				"west": {"uv": [0, 0, 3, 1], "texture": "#2"},
				"up": {"uv": [6, 5, 9, 8], "texture": "#2"},
				"down": {"uv": [7, 5, 10, 8], "texture": "#2"}
			}
		},
		{
			"name": "cube",
			"from": [6.5, 12, 6.5],
			"to": [11.5, 13, 11.5],
			"rotation": {
				"angle": 45,
				"axis": "z",
				"origin": [8.5, 4.5, 8.5]
			},
			"faces": {
				"north": {"uv": [0, 0, 5, 1], "texture": "#1"},
				"east": {"uv": [0, 0, 5, 1], "texture": "#1"},
				"south": {"uv": [0, 0, 5, 1], "texture": "#1"},
				"west": {"uv": [0, 0, 5, 1], "texture": "#1"},
				"up": {"uv": [6, 4, 11, 9], "texture": "#1"},
				"down": {"uv": [5, 5, 10, 10], "texture": "#1"}
			}
		},
		{
			"name": "cube",
			"from": [8.5, -3, 8.5],
			"to": [9.5, 12, 9.5],
			"rotation": {
				"angle": 45,
				"axis": "z",
				"origin": [8.5, 4.5, 8.5]
			},
			"faces": {
				"north": {"uv": [0, 0, 1, 15], "texture": "#1"},
				"east": {"uv": [0, 0, 1, 15], "texture": "#1"},
				"south": {"uv": [0, 0, 1, 15], "texture": "#1"},
				"west": {"uv": [0, 0, 1, 15], "texture": "#1"},
				"up": {"uv": [0, 0, 1, 1], "texture": "#1"},
				"down": {"uv": [0, 0, 1, 1], "texture": "#1"}
			}
		}
	],
	"display": {
		"thirdperson_righthand": {
			"rotation": [65, -94, -29],
			"translation": [0, 1, 4]
		},
		"thirdperson_lefthand": {
			"rotation": [120, 95, -29],
			"translation": [-2.5, 1, 4]
		},
		"firstperson_righthand": {
			"rotation": [-21, 9, -34],
			"translation": [3, 0, 0]
		},
		"firstperson_lefthand": {
			"translation": [3, 1.5, -0.5],
			"rotation": [-10, 83, 41]
		},
		"gui": {
			"scale": [0.9, 0.9, 0.9],
			"rotation": [0, -180, 0],
			"translation": [-1, 0.5, 0]
		}
	}
}