﻿{
	"credit": "Made with Blockbench, a free, modern block model editor by JannisX11",
	"textures": {
		"0": "blocks/handle_black",
		"1": "blocks/black",
		"2": "blocks/handle",
		"particle": "blocks/handle_black"
	},
	"elements": [
		{
			"name": "cube",
			"from": [7, 3, 13],
			"to": [9, 4, 15],
			"faces": {
				"north": {"uv": [0, 0, 2, 1], "texture": "#2"},
				"east": {"uv": [0, 0, 2, 1], "texture": "#2"},
				"south": {"uv": [0, 0, 2, 1], "texture": "#2"},
				"west": {"uv": [0, 0, 2, 1], "texture": "#2"},
				"up": {"uv": [0, 0, 2, 2], "texture": "#missing"},
				"down": {"uv": [0, 0, 2, 2], "texture": "#2"}
			}
		},
		{
			"name": "cube",
			"from": [7, 1, 6],
			"to": [9, 4, 8],
			"faces": {
				"north": {"uv": [0, 0, 2, 3], "texture": "#2"},
				"east": {"uv": [0, 0, 2, 3], "texture": "#2"},
				"south": {"uv": [0, 0, 2, 3], "texture": "#2"},
				"west": {"uv": [0, 0, 2, 3], "texture": "#2"},
				"up": {"uv": [0, 0, 2, 2], "texture": "#missing"},
				"down": {"uv": [0, 0, 2, 2], "texture": "#2"}
			}
		},
		{
			"name": "cube",
			"from": [7, 8.75, 1],
			"to": [10, 9.75, 3],
			"faces": {
				"north": {"uv": [0, 0, 3, 1], "texture": "#0"},
				"east": {"uv": [0, 0, 2, 1], "texture": "#0"},
				"south": {"uv": [0, 0, 3, 1], "texture": "#0"},
				"west": {"uv": [0, 0, 2, 1], "texture": "#0"},
				"up": {"uv": [0, 0, 3, 2], "texture": "#0"},
				"down": {"uv": [0, 0, 3, 2], "texture": "#0"}
			}
		},
		{
			"name": "cube",
			"from": [10.75, 5, 1],
			"to": [11.75, 8, 3],
			"faces": {
				"north": {"uv": [0, 0, 1, 3], "texture": "#0"},
				"east": {"uv": [0, 0, 2, 3], "texture": "#0"},
				"south": {"uv": [0, 0, 1, 3], "texture": "#0"},
				"west": {"uv": [0, 0, 2, 3], "texture": "#0"},
				"up": {
					"uv": [0, 0, 2, 1],
					"texture": "#0",
					"rotation": 90
				},
				"down": {"uv": [0, 0, 2, 1], "texture": "#0"}
			}
		},
		{
			"name": "cube",
			"from": [5.25, 5, 1],
			"to": [6.25, 8, 3],
			"faces": {
				"north": {"uv": [0, 0, 1, 3], "texture": "#0"},
				"east": {"uv": [0, 0, 2, 3], "texture": "#0"},
				"south": {"uv": [0, 0, 1, 3], "texture": "#0"},
				"west": {"uv": [0, 0, 2, 3], "texture": "#0"},
				"up": {
					"uv": [0, 0, 2, 1],
					"texture": "#0",
					"rotation": 90
				},
				"down": {"uv": [0, 0, 2, 1], "texture": "#0"}
			}
		},
		{
			"name": "cube",
			"from": [7, 3.25, 1],
			"to": [10, 4.25, 3],
			"faces": {
				"north": {"uv": [0, 0, 3, 1], "texture": "#0"},
				"east": {"uv": [0, 0, 2, 1], "texture": "#0"},
				"south": {"uv": [0, 0, 3, 1], "texture": "#0"},
				"west": {"uv": [0, 0, 2, 1], "texture": "#0"},
				"up": {"uv": [0, 0, 3, 2], "texture": "#0"},
				"down": {"uv": [0, 0, 3, 2], "texture": "#0"}
			}
		},
		{
			"name": "cube",
			"from": [7, 8, 3],
			"to": [10, 9, 16],
			"faces": {
				"north": {"uv": [0, 0, 3, 1], "texture": "#0"},
				"east": {"uv": [0, 0, 13, 1], "texture": "#0"},
				"south": {"uv": [0, 0, 3, 1], "texture": "#0"},
				"west": {"uv": [0, 0, 13, 1], "texture": "#0"},
				"up": {
					"uv": [0, 0, 13, 3],
					"texture": "#0",
					"rotation": 90
				},
				"down": {
					"uv": [0, 0, 13, 3],
					"texture": "#0",
					"rotation": 90
				}
			}
		},
		{
			"name": "cube",
			"from": [7, 4, 3],
			"to": [10, 5, 16],
			"faces": {
				"north": {"uv": [0, 0, 3, 1], "texture": "#0"},
				"east": {"uv": [0, 0, 13, 1], "texture": "#0"},
				"south": {"uv": [0, 0, 3, 1], "texture": "#0"},
				"west": {"uv": [0, 0, 13, 1], "texture": "#0"},
				"up": {
					"uv": [0, 0, 13, 3],
					"texture": "#0",
					"rotation": 90
				},
				"down": {
					"uv": [0, 0, 13, 3],
					"texture": "#0",
					"rotation": 90
				}
			}
		},
		{
			"name": "cube",
			"from": [7.5, 9, 8],
			"to": [9.5, 10, 13],
			"faces": {
				"north": {"uv": [0, 0, 2, 1], "texture": "#2"},
				"east": {"uv": [0, 0, 5, 1], "texture": "#2"},
				"south": {"uv": [0, 0, 2, 1], "texture": "#2"},
				"west": {"uv": [0, 0, 5, 1], "texture": "#2"},
				"up": {
					"uv": [0, 0, 5, 2],
					"texture": "#2",
					"rotation": 90
				},
				"down": {"uv": [0, 0, 5, 2], "texture": "#2"}
			}
		},
		{
			"name": "cube",
			"from": [10, 5, 3],
			"to": [11, 8, 16],
			"faces": {
				"north": {"uv": [0, 0, 1, 3], "texture": "#0"},
				"east": {"uv": [0, 0, 13, 3], "texture": "#0"},
				"south": {"uv": [0, 0, 1, 3], "texture": "#0"},
				"west": {"uv": [0, 0, 13, 3], "texture": "#0"},
				"up": {
					"uv": [0, 0, 13, 1],
					"texture": "#0",
					"rotation": 90
				},
				"down": {
					"uv": [0, 0, 13, 1],
					"texture": "#0",
					"rotation": 90
				}
			}
		},
		{
			"name": "cube",
			"from": [6, 5, 3],
			"to": [7, 8, 16],
			"faces": {
				"north": {"uv": [0, 0, 1, 3], "texture": "#0"},
				"east": {"uv": [0, 0, 13, 3], "texture": "#0"},
				"south": {"uv": [0, 0, 1, 3], "texture": "#0"},
				"west": {"uv": [0, 0, 13, 3], "texture": "#0"},
				"up": {
					"uv": [0, 0, 13, 1],
					"texture": "#0",
					"rotation": 90
				},
				"down": {
					"uv": [0, 0, 13, 1],
					"texture": "#0",
					"rotation": 90
				}
			}
		},
		{
			"name": "cube",
			"from": [7, 5, 5],
			"to": [10, 8, 17],
			"faces": {
				"north": {"uv": [0, 0, 3, 3], "texture": "#1"},
				"east": {"uv": [0, 0, 12, 3], "texture": "#0"},
				"south": {"uv": [0, 0, 3, 3], "texture": "#0"},
				"west": {"uv": [0, 0, 12, 3], "texture": "#0"},
				"up": {
					"uv": [0, 0, 3, 12],
					"texture": "#0",
					"rotation": 90
				},
				"down": {
					"uv": [0, 0, 12, 3],
					"texture": "#0",
					"rotation": 90
				}
			}
		}
	],
	"display": {
		"thirdperson_righthand": {"translation": [0, 5.5, 0]},
		"firstperson_righthand": {
			"scale": [1.15, 1.15, 1.15],
			"translation": [2, 3, 0.5],
			"rotation": [7, 0, 0]
		},
		"gui": {
			"translation": [-1, 1, 0],
			"rotation": [-102, -134, -90]
		},
		"thirdperson_lefthand": {"translation": [0, 5.5, 0]},
		"firstperson_lefthand": {
			"scale": [1.15, 1.15, 1.15],
			"rotation": [7, 0, 0],
			"translation": [2, 3, 0.5]
		},
		"ground": {"translation": [0, 2.5, 0],
					"scale": [0.9, 0.9, 0.9]}
	}
}