﻿{
	"credit": "Made with Blockbench, a free, modern block model editor by JannisX11",
	"textures": {
		"0": "blocks/quartz_block_bottom",
		"1": "blocks/quartz_block_top",
		"block": "blocks/quartz_block_side",
		"lamp": "blocks/lamp",
		"particle": "blocks/quartz_block_top"
	},
	"elements": [
		{
			"name": "cube",
			"from": [4, -4, 0],
			"to": [12, 0, 16],
			"rotation": {
				"angle": 0,
				"axis": "y",
				"origin": [8, -2, 8]
			},
			"faces": {
				"north": {"uv": [0, 0, 8, 4], "texture": "#lamp"},
				"east": {"uv": [0, 0, 16, 4], "texture": "#lamp"},
				"south": {"uv": [0, 0, 8, 4], "texture": "#lamp"},
				"west": {"uv": [0, 0, 16, 4], "texture": "#lamp"},
				"up": {"uv": [0, 0, 8, 16], "texture": "#lamp"},
				"down": {"uv": [0, 0, 8, 16], "texture": "#lamp"}
			}
		},
		{
			"name": "cube",
			"from": [0, 0, 0],
			"to": [16, 16, 16],
			"faces": {
				"north": {
					"uv": [0, 0, 16, 16],
					"texture": "#block"
				},
				"east": {"uv": [0, 0, 16, 16], "texture": "#block"},
				"south": {
					"uv": [0, 0, 16, 16],
					"texture": "#block"
				},
				"west": {"uv": [0, 0, 16, 16], "texture": "#block"},
				"up": {"uv": [0, 0, 16, 16], "texture": "#1"},
				"down": {"uv": [0, 0, 16, 16], "texture": "#0"}
			}
		}
	]
}