﻿{
	"credit": "Made with Blockbench, a free, modern block model editor by JannisX11",
	"textures": {
		"missing": "blocks/white_concrete",
		"particle": "blocks/white_concrete"
	},
	"elements": [
		{
			"name": "cube",
			"from": [0, 0, 0],
			"to": [0, 0, 0],
			"faces": {
				"north": {
					"uv": [0, 0, 0, 0],
					"texture": "#missing"
				},
				"east": {"uv": [0, 0, 0, 0], "texture": "#missing"},
				"south": {
					"uv": [0, 0, 0, 0],
					"texture": "#missing"
				},
				"west": {"uv": [0, 0, 0, 0], "texture": "#missing"},
				"up": {"uv": [0, 0, 0, 0], "texture": "#missing"},
				"down": {"uv": [0, 0, 0, 0], "texture": "#missing"}
			}
		}
	]
}