{
	"parent": "item/handheld",
	"textures": {
		"layer0": "items/carrot_on_a_stick"
	},
	"overrides": [
		{ "predicate": {"damaged": 0, "damage": 0.04}, "model": "powerup/1"},
		{ "predicate": {"damaged": 0, "damage": 0.08}, "model": "powerup/2"},
		{ "predicate": {"damaged": 0, "damage": 0.12}, "model": "powerup/3"},
		{ "predicate": {"damaged": 0, "damage": 0.16}, "model": "powerup/4"},
		{ "predicate": {"damaged": 0, "damage": 0.2}, "model": "powerup/5"},
		{ "predicate": {"damaged": 0, "damage": 0.24}, "model": "powerup/6"},
		{ "predicate": {"damaged": 0, "damage": 0.28}, "model": "powerup/7"},
		{ "predicate": {"damaged": 0, "damage": 0.32}, "model": "powerup/8"},
		{ "predicate": {"damaged": 0, "damage": 0.36}, "model": "powerup/9"},
		{ "predicate": {"damaged": 0, "damage": 0.4}, "model": "powerup/10"},
		{ "predicate": {"damaged": 0, "damage": 0.44}, "model": "powerup/11"},
		{ "predicate": {"damaged": 0, "damage": 0.48}, "model": "powerup/12"},
		{ "predicate": {"damaged": 0, "damage": 0.52}, "model": "powerup/13"},
		{ "predicate": {"damaged": 0, "damage": 0.56}, "model": "powerup/14"},
		{ "predicate": {"damaged": 1, "damage": 0}, "model": "item/carrot_on_a_stick"}
	]
}